Frequency (MHz),Jitter Std Dev (ns),Mean Total Errors
20.0,1,4515.03
20.0,2,9030.671
20.0,3,13540.908
20.0,4,18063.049
20.0,5,22569.065
20.0,6,27027.95
20.0,7,31297.939
20.0,8,35244.062
20.0,9,38717.78
20.0,10,41642.986
20.0,11,43995.985
20.0,12,45824.748
20.0,13,47194.306
20.0,14,48167.643
20.0,15,48840.328
20.0,16,49286.634
20.0,17,49581.664
20.0,18,49770.026
20.0,19,49865.54
20.0,20,49930.647
20.0,21,49962.335
20.0,22,49984.369
20.0,23,49990.419
20.0,24,49992.407
20.0,25,50000.094
40.0,1,9020.635
40.0,2,18046.045
40.0,3,27020.396
40.0,4,35248.698
40.0,5,41638.586
40.0,6,45826.905
40.0,7,48160.744
40.0,8,49290.194
40.0,9,49753.57
40.0,10,49927.377
40.0,11,49979.952
40.0,12,49988.806
40.0,13,49997.668
40.0,14,49991.874
40.0,15,49994.178
40.0,16,49995.768
40.0,17,50008.105
40.0,18,50006.78
40.0,19,50000.333
40.0,20,49998.435
40.0,21,49999.454
40.0,22,50006.899
40.0,23,49994.009
40.0,24,49994.747
40.0,25,49994.364
60.0,1,13547.018
60.0,2,27015.0
60.0,3,38714.779
60.0,4,45834.695
60.0,5,48847.574
60.0,6,49758.133
60.0,7,49966.072
60.0,8,49994.428
60.0,9,49995.863
60.0,10,50000.522
60.0,11,50005.49
60.0,12,50000.164
60.0,13,50014.171
60.0,14,50002.438
60.0,15,50003.228
60.0,16,49989.736
60.0,17,49995.133
60.0,18,50001.931
60.0,19,49998.828
60.0,20,50001.899
60.0,21,49996.801
60.0,22,49989.425
60.0,23,49998.899
60.0,24,50004.465
60.0,25,50004.159
80.0,1,18056.241
80.0,2,35252.135
80.0,3,45838.763
80.0,4,49287.571
80.0,5,49930.003
80.0,6,49998.491
80.0,7,49993.597
80.0,8,49995.133
80.0,9,50000.95
80.0,10,50001.204
80.0,11,50007.561
80.0,12,49997.529
80.0,13,50000.451
80.0,14,50002.935
80.0,15,50004.354
80.0,16,50006.267
80.0,17,49999.861
80.0,18,50002.356
80.0,19,50012.997
80.0,20,49998.611
80.0,21,49992.544
80.0,22,49994.583
80.0,23,50002.008
80.0,24,50004.49
80.0,25,50002.003
100.0,1,22566.988
100.0,2,41642.909
100.0,3,48840.057
100.0,4,49928.946
100.0,5,50005.763
100.0,6,50003.327
100.0,7,50003.26
100.0,8,49990.179
100.0,9,50007.3
100.0,10,50006.377
100.0,11,49997.404
100.0,12,50000.419
100.0,13,50007.062
100.0,14,50000.812
100.0,15,50001.097
100.0,16,49996.112
100.0,17,50003.706
100.0,18,49999.677
100.0,19,49997.152
100.0,20,50003.905
100.0,21,49999.651
100.0,22,50004.172
100.0,23,50001.66
100.0,24,50012.022
100.0,25,49997.571
