Frequency (MHz),Jitter Amplitude (ns),Mean Total Errors
20.0,1,2637.0
20.0,2,5235.0
20.0,3,7798.0
20.0,4,10319.0
20.0,5,12805.0
20.0,6,15253.0
20.0,7,17664.0
20.0,8,20039.0
20.0,9,22377.0
20.0,10,24678.0
20.0,11,26945.0
20.0,12,29177.0
20.0,13,31374.0
20.0,14,33537.0
20.0,15,35666.0
20.0,16,37761.0
20.0,17,39824.0
20.0,18,41854.0
20.0,19,43851.0
20.0,20,45819.0
20.0,21,47754.0
20.0,22,49659.0
20.0,23,51534.0
20.0,24,53379.0
20.0,25,55198.0
40.0,1,5995.0
40.0,2,11977.0
40.0,3,17941.0
40.0,4,23886.0
40.0,5,29810.0
40.0,6,35713.0
40.0,7,41593.0
40.0,8,47443.0
40.0,9,53269.0
40.0,10,59062.0
40.0,11,64823.0
40.0,12,70548.0
40.0,13,75238.0
40.0,14,75613.0
40.0,15,75437.0
40.0,16,73386.0
40.0,17,69786.0
40.0,18,66181.0
40.0,19,62579.0
40.0,20,58984.0
40.0,21,55404.0
40.0,22,50478.0
40.0,23,45047.0
40.0,24,39615.0
40.0,25,34183.0
60.0,1,6638.0
60.0,2,13295.0
60.0,3,19978.0
60.0,4,26690.0
60.0,5,33439.0
60.0,6,40219.0
60.0,7,47038.0
60.0,8,53903.0
60.0,9,58570.0
60.0,10,59747.0
60.0,11,58665.0
60.0,12,56689.0
60.0,13,54871.0
60.0,14,53241.0
60.0,15,48509.0
60.0,16,43075.0
60.0,17,38311.0
60.0,18,36744.0
60.0,19,37173.0
60.0,20,37519.0
60.0,21,39420.0
60.0,22,43706.0
60.0,23,47899.0
60.0,24,51986.0
60.0,25,55947.0
80.0,1,10045.0
80.0,2,20241.0
80.0,3,30580.0
80.0,4,41050.0
80.0,5,51646.0
80.0,6,62352.0
80.0,7,67265.0
80.0,8,65977.0
80.0,9,60867.0
80.0,10,55958.0
80.0,11,49473.0
80.0,12,39831.0
80.0,13,32121.0
80.0,14,32367.0
80.0,15,33387.0
80.0,16,38073.0
80.0,17,45771.0
80.0,18,53230.0
80.0,19,59406.0
80.0,20,67312.0
80.0,21,57921.0
80.0,22,56942.0
80.0,23,59189.0
80.0,24,51904.0
80.0,25,43600.0
100.0,1,12626.0
100.0,2,25244.0
100.0,3,37866.0
100.0,4,50476.0
100.0,5,63074.0
100.0,6,66024.0
100.0,7,61596.0
100.0,8,56176.0
100.0,9,48212.0
100.0,10,37346.0
100.0,11,34276.0
100.0,12,35022.0
100.0,13,40738.0
100.0,14,49128.0
100.0,15,57134.0
100.0,16,64592.0
100.0,17,53990.0
100.0,18,57274.0
100.0,19,53816.0
100.0,20,44732.0
100.0,21,40508.0
100.0,22,45162.0
100.0,23,49564.0
100.0,24,53550.0
100.0,25,53468.0
