Frequency (MHz),Injected σ (ns),Measured Peak-to-Peak Jitter (ns)
20.0,1,
20.0,2,
20.0,3,
20.0,4,
20.0,5,
20.0,6,
20.0,7,
20.0,8,
20.0,9,
20.0,10,
20.0,11,
20.0,12,
20.0,13,
20.0,14,
20.0,15,
20.0,16,
20.0,17,
20.0,18,
20.0,19,
20.0,20,
20.0,21,
20.0,22,
20.0,23,
20.0,24,
20.0,25,
20.0,26,
20.0,27,
20.0,28,
20.0,29,
20.0,30,
20.0,31,
20.0,32,
20.0,33,
20.0,34,
20.0,35,
20.0,36,
20.0,37,
20.0,38,
20.0,39,
20.0,40,
20.0,41,
20.0,42,
20.0,43,
20.0,44,
20.0,45,
20.0,46,
20.0,47,
20.0,48,
20.0,49,
20.0,50,
40.0,1,
40.0,2,
40.0,3,
40.0,4,
40.0,5,
40.0,6,
40.0,7,
40.0,8,
40.0,9,
40.0,10,
40.0,11,
40.0,12,
40.0,13,
40.0,14,
40.0,15,
40.0,16,
40.0,17,
40.0,18,
40.0,19,
40.0,20,
40.0,21,
40.0,22,
40.0,23,
40.0,24,
40.0,25,
40.0,26,
40.0,27,
40.0,28,
40.0,29,
40.0,30,
40.0,31,
40.0,32,
40.0,33,
40.0,34,
40.0,35,
40.0,36,
40.0,37,
40.0,38,
40.0,39,
40.0,40,
40.0,41,
40.0,42,
40.0,43,
40.0,44,
40.0,45,
40.0,46,
40.0,47,
40.0,48,
40.0,49,
40.0,50,
60.0,1,66.66258483731505
60.0,2,66.58637281275112
60.0,3,66.5117255780104
60.0,4,66.98509212681752
60.0,5,66.551886082947
60.0,6,66.81278754606222
60.0,7,66.9142355377657
60.0,8,67.19081555242845
60.0,9,67.75377015872567
60.0,10,68.85022581244253
60.0,11,68.83202498265068
60.0,12,69.66510059370269
60.0,13,70.25689128671249
60.0,14,70.46623513547748
60.0,15,71.69105760842955
60.0,16,72.41369929546183
60.0,17,75.12435098070328
60.0,18,74.78413035148374
60.0,19,76.63361230255488
60.0,20,78.01048078422403
60.0,21,79.20742773744293
60.0,22,81.04540297406979
60.0,23,81.57435819856165
60.0,24,85.66574908928814
60.0,25,84.41211824476525
60.0,26,86.33879549325813
60.0,27,88.14364330303762
60.0,28,89.63291477408548
60.0,29,89.6175618167238
60.0,30,94.22042219738121
60.0,31,96.13429068822431
60.0,32,95.02861943113446
60.0,33,99.38817720700834
60.0,34,100.4439996136872
60.0,35,103.08179089950704
60.0,36,105.18171794871718
60.0,37,106.25834299219275
60.0,38,107.96076322484687
60.0,39,110.61672336699773
60.0,40,111.1102818555109
60.0,41,113.11329277196491
60.0,42,115.83979797743551
60.0,43,118.33961718445666
60.0,44,121.38158177725711
60.0,45,120.28174605104469
60.0,46,122.31100046131544
60.0,47,123.65105743400017
60.0,48,127.83208123762891
60.0,49,129.10635615426165
60.0,50,132.2864877124193
80.0,1,87.5419853134642
80.0,2,87.49673278479436
80.0,3,87.44648996152583
80.0,4,87.32098703672847
80.0,5,87.51055482576716
80.0,6,87.60760004463741
80.0,7,88.2742229283142
80.0,8,88.65675218493573
80.0,9,89.82642837767766
80.0,10,90.19241255031126
80.0,11,91.61312188461072
80.0,12,93.48795853537818
80.0,13,93.90161193125556
80.0,14,94.19669542488018
80.0,15,95.68504772064544
80.0,16,97.96082675425778
80.0,17,99.1710304536692
80.0,18,100.51117653604587
80.0,19,101.79115064926027
80.0,20,103.85638755949736
80.0,21,104.79180870885135
80.0,22,106.35617231615608
80.0,23,107.72965923342798
80.0,24,109.87281871498985
80.0,25,113.26680513755377
80.0,26,113.63477508383258
80.0,27,116.02957432942686
80.0,28,117.9375964491655
80.0,29,120.5848392678999
80.0,30,121.37698989783638
80.0,31,123.09378273352463
80.0,32,126.42798146607785
80.0,33,129.11435145648008
80.0,34,128.45748732313757
80.0,35,132.1931472850229
80.0,36,133.6261771966237
80.0,37,138.30421400429356
80.0,38,137.77570801561592
80.0,39,141.5262705950318
80.0,40,144.14258905773283
80.0,41,142.9661334760613
80.0,42,148.47136781141072
80.0,43,149.80658979467327
80.0,44,153.42297059210074
80.0,45,155.50102091448525
80.0,46,158.25697762362896
80.0,47,159.19346532274957
80.0,48,162.38009996333042
80.0,49,164.58612839605985
80.0,50,167.44150580215484
100.0,1,89.95079241697916
100.0,2,90.04267816200131
100.0,3,89.99377266949205
100.0,4,89.86922577228351
100.0,5,90.32449426226638
100.0,6,91.10623994370802
100.0,7,91.50715255808339
100.0,8,92.45834852563526
100.0,9,93.56126772404961
100.0,10,94.57361693162937
100.0,11,95.85537292817071
100.0,12,96.39559441139058
100.0,13,98.28333608944638
100.0,14,99.84981187805481
100.0,15,100.70009742162141
100.0,16,102.49666843969852
100.0,17,103.03413511202282
100.0,18,106.55717969314169
100.0,19,107.2042649697561
100.0,20,110.03224713793755
100.0,21,111.75997173469919
100.0,22,113.15532141138151
100.0,23,116.36154079518705
100.0,24,117.90656679644981
100.0,25,118.63998022408036
100.0,26,121.77873224349553
100.0,27,124.18833629387656
100.0,28,125.6334636221572
100.0,29,127.23598567875777
100.0,30,133.1120120114206
100.0,31,132.99693612873932
100.0,32,136.08547605679428
100.0,33,136.13082839613418
100.0,34,139.68213660173672
100.0,35,142.11381958579202
100.0,36,145.8311852162187
100.0,37,146.26725229651018
100.0,38,147.44548421422968
100.0,39,152.843104492096
100.0,40,152.9271778901514
100.0,41,156.22076063388977
100.0,42,158.6542790956158
100.0,43,160.88582429130906
100.0,44,165.26424412716483
100.0,45,165.21823985107915
100.0,46,167.9176822941588
100.0,47,171.6337612028969
100.0,48,172.46850906814842
100.0,49,179.83319764892906
100.0,50,182.23249839700227
