Frequency (MHz),Injected σ (ns),Measured RMS Jitter (ns),Measured Peak-to-Peak Jitter (ns)
20.0,1,,
20.0,2,,
20.0,3,,
20.0,4,,
20.0,5,,
20.0,6,,
20.0,7,,
20.0,8,,
20.0,9,,
20.0,10,,
20.0,11,,
20.0,12,,
20.0,13,,
20.0,14,,
20.0,15,,
20.0,16,,
20.0,17,,
20.0,18,,
20.0,19,,
20.0,20,,
20.0,21,,
20.0,22,,
20.0,23,,
20.0,24,,
20.0,25,,
40.0,1,,
40.0,2,,
40.0,3,,
40.0,4,,
40.0,5,,
40.0,6,,
40.0,7,,
40.0,8,,
40.0,9,,
40.0,10,,
40.0,11,,
40.0,12,,
40.0,13,,
40.0,14,,
40.0,15,,
40.0,16,,
40.0,17,,
40.0,18,,
40.0,19,,
40.0,20,,
40.0,21,,
40.0,22,,
40.0,23,,
40.0,24,,
40.0,25,,
60.0,1,56.0070452786432,66.70005320324451
60.0,2,56.70309227844961,66.61728696485606
60.0,3,57.41384900203413,66.61946666258814
60.0,4,57.62638428237823,66.53453259339341
60.0,5,57.29117006511588,66.84284006393264
60.0,6,56.89424391047479,67.05042535236024
60.0,7,56.17347897302963,66.72274132279516
60.0,8,55.83146233421756,67.08564232372545
60.0,9,56.016900874147005,67.8759349786073
60.0,10,56.00374486328774,68.12948519296604
60.0,11,56.133563144259966,69.19729288514849
60.0,12,56.113891980573015,69.46726483345829
60.0,13,56.74424688100708,71.1078840700314
60.0,14,56.615189847707065,71.11610966753261
60.0,15,56.89820789661468,71.50191802867619
60.0,16,57.19108492885737,74.59121698137982
60.0,17,57.147633216864165,73.8280933855998
60.0,18,57.575780372050446,75.82593749207925
60.0,19,57.98491343542806,77.21260515413218
60.0,20,58.41784131917097,78.2290487186838
60.0,21,58.57900643998063,79.29090549256216
60.0,22,58.66139375206088,79.81590870571944
60.0,23,58.74683094425834,82.15094857172117
60.0,24,59.47166982008421,83.6890959339601
60.0,25,59.317277625430066,83.94326333295548
80.0,1,63.82999779110798,87.49829158426607
80.0,2,64.51468859022272,87.4420281479783
80.0,3,64.80101026395162,87.57683988532065
80.0,4,64.4262163670833,87.62392637059503
80.0,5,63.81828366057557,87.12496142959796
80.0,6,63.564063748969446,87.99907794343997
80.0,7,63.425027589031494,88.23775184188419
80.0,8,63.488926219418325,89.13998244594099
80.0,9,63.629253396015045,89.24560648717609
80.0,10,63.89615381690004,90.42420300501743
80.0,11,63.81299883926796,90.91115766005362
80.0,12,64.28324737960705,93.2869397754382
80.0,13,64.42615744245259,93.5773456999144
80.0,14,64.45986370229987,94.53938344704666
80.0,15,64.78975737441614,95.36495482124353
80.0,16,65.07283734325588,97.7731077899595
80.0,17,64.84040598348861,98.35388016707329
80.0,18,65.14126088294198,99.14218817861988
80.0,19,65.0967352472859,101.46073018278211
80.0,20,65.81934580585612,103.38084346679668
80.0,21,66.27325819547353,104.02650858681584
80.0,22,66.3892836768085,106.68709347576613
80.0,23,66.68235832751888,108.87620510843715
80.0,24,66.48194580384626,109.57020083739654
80.0,25,67.29133856267201,112.80742972888592
100.0,1,62.75264802818315,89.9639311201178
100.0,2,63.358789527126774,90.04157096183698
100.0,3,63.14769077742119,89.9885263818936
100.0,4,62.567445751206655,90.1416045269024
100.0,5,62.307346453321266,90.39578671353382
100.0,6,62.474150344815506,91.23056828350286
100.0,7,62.433008282838315,91.6541213025901
100.0,8,62.491926187573625,91.91308761972331
100.0,9,62.57301352106586,93.58519696898101
100.0,10,62.66752318660903,94.19142055791457
100.0,11,62.852562288372454,95.68191653088958
100.0,12,63.18360521838436,97.16542800302327
100.0,13,63.199742536057435,97.70597795081788
100.0,14,63.27704286188079,100.20421274750345
100.0,15,63.41522178882059,100.75051222453415
100.0,16,63.55174945405139,101.68445292717938
100.0,17,63.98110054177177,104.85764268446978
100.0,18,64.17129703329702,105.06533395262367
100.0,19,64.55354567131673,106.42298103522589
100.0,20,64.9968410316137,110.94781603387298
100.0,21,65.43216916893347,112.86543713461607
100.0,22,65.43099846925837,112.80038631541632
100.0,23,65.78108415570019,115.71436989190357
100.0,24,66.21425606206277,118.13832076226653
100.0,25,66.250342987653,117.5358332538984
