Frequency (MHz),Injected σ (ns),Measured RMS Jitter (ns)
20.0,1,310.90680026699135
20.0,2,311.61959469635354
20.0,3,312.32836105337196
20.0,4,313.0664960606399
20.0,5,313.80784223253187
20.0,6,314.47147334689777
20.0,7,315.13500010950384
20.0,8,315.79848956889225
20.0,9,316.4148026643216
20.0,10,316.6844349481971
20.0,11,316.88094284706665
20.0,12,316.8553872268617
20.0,13,316.8505867800068
20.0,14,316.06275300818226
20.0,15,316.0260634848049
20.0,16,315.3162832022677
20.0,17,314.49505097133624
20.0,18,314.14617971413884
20.0,19,313.46383431515187
20.0,20,313.16331011700044
20.0,21,312.74405540553795
20.0,22,312.22681530397944
20.0,23,312.1258007626593
20.0,24,311.4228627285272
20.0,25,311.50459347084586
40.0,1,300.10306104436967
40.0,2,300.80246510964577
40.0,3,301.5058033759579
40.0,4,302.1796343982421
40.0,5,302.5318403484674
40.0,6,302.6813809402475
40.0,7,302.24048188102523
40.0,8,301.7468775096215
40.0,9,301.1427211226503
40.0,10,300.55608327619916
40.0,11,300.11079014666916
40.0,12,299.8931727034027
40.0,13,299.7716222931503
40.0,14,299.66185198657854
40.0,15,299.76149205772015
40.0,16,299.7122786593438
40.0,17,299.5992348496923
40.0,18,299.5448381745851
40.0,19,299.8216685599639
40.0,20,299.79809986608217
40.0,21,299.9037879807703
40.0,22,300.12137992943184
40.0,23,300.13240724458666
40.0,24,300.2261813611016
40.0,25,300.5571465799244
