Frequency (MHz),Injected σ (ns),Measured Pk-Pk Jitter (ns)
20.0,1,40.90219883207852
20.0,2,46.090953222153594
20.0,3,49.69340653244681
20.0,4,55.546062553199775
20.0,5,68.59848114918378
20.0,6,79.23482312527406
20.0,7,90.49795164844026
20.0,8,101.65501465908058
20.0,9,111.55562984062098
20.0,10,120.67046215092559
20.0,11,127.99167308807013
20.0,12,134.70275694720107
20.0,13,141.75128865736193
20.0,14,153.2284696026681
20.0,15,171.37594625379765
20.0,16,187.58595183615424
20.0,17,199.3446277027076
20.0,18,208.4638141958195
20.0,19,216.51219483054805
20.0,20,225.6619192735653
20.0,21,235.06742565077928
20.0,22,246.93250832877146
20.0,23,261.8580607173903
20.0,24,276.93535982742674
20.0,25,291.0311586893493
20.0,26,301.87537894579094
20.0,27,311.2275382445402
20.0,28,319.71273983454256
20.0,29,328.9398740782701
20.0,30,339.91700871346063
20.0,31,352.5583185496192
20.0,32,367.8749004226702
20.0,33,381.9236308220164
20.0,34,393.6832306958876
20.0,35,404.72823537718926
20.0,36,414.620279894923
20.0,37,423.9190601890321
20.0,38,434.8072440022762
20.0,39,443.67007674613205
20.0,40,456.81822656294776
20.0,41,471.5605575219622
20.0,42,484.5550273870653
20.0,43,495.43271276170145
20.0,44,507.1322210145006
20.0,45,518.4134214452245
20.0,46,527.951638413111
20.0,47,537.9692488155889
20.0,48,552.6153193934134
20.0,49,562.8853591972438
20.0,50,575.0343310863811
40.0,1,24.854487039362038
40.0,2,30.04424701455042
40.0,3,40.06605769524067
40.0,4,50.94092062591779
40.0,5,60.14567154993129
40.0,6,67.35603416763688
40.0,7,76.69694588566144
40.0,8,93.85183719850663
40.0,9,104.3800645518433
40.0,10,112.75579209207577
40.0,11,123.27710371328287
40.0,12,139.26500949664933
40.0,13,151.24772279537544
40.0,14,160.12850294855207
40.0,15,170.26500757064514
40.0,16,183.47639417163563
40.0,17,196.5492811289452
40.0,18,207.34672103410568
40.0,19,216.76117431507393
40.0,20,228.26782317560412
40.0,21,241.69843847583317
40.0,22,254.3078915193631
40.0,23,264.3612052006318
40.0,24,275.69725533255945
40.0,25,287.4315822103585
40.0,26,298.8052293101654
40.0,27,310.8091700733302
40.0,28,322.8500156864917
40.0,29,333.32632190407065
40.0,30,345.7058751489895
40.0,31,356.3873444459757
40.0,32,367.5799689207195
40.0,33,378.3661732457176
40.0,34,392.1513826667408
40.0,35,402.9969659002365
40.0,36,415.42079630094776
40.0,37,425.67696521098634
40.0,38,436.357678080161
40.0,39,448.81867973766094
40.0,40,460.70153847233024
40.0,41,474.0142070223272
40.0,42,483.6248439258292
40.0,43,493.63755028549195
40.0,44,506.0987711221926
40.0,45,517.7803493403727
40.0,46,529.2548927640214
40.0,47,538.8535327605426
40.0,48,551.731470002548
40.0,49,565.3677916973376
40.0,50,574.4419703356023
60.0,1,19.10857255903064
60.0,2,26.993870554083063
60.0,3,37.23102450059025
60.0,4,44.82318396460569
60.0,5,57.0643903055917
60.0,6,69.6840582251772
60.0,7,78.26761570894331
60.0,8,92.45149029458103
60.0,9,103.89493249029567
60.0,10,112.83235330746312
60.0,11,126.70856207272868
60.0,12,138.3205368606193
60.0,13,148.7325491577645
60.0,14,161.28198418783967
60.0,15,172.35385212681112
60.0,16,183.66282954718005
60.0,17,195.7054765254463
60.0,18,207.32127317922044
60.0,19,218.52878624973633
60.0,20,230.16088307467498
60.0,21,241.5654190396627
60.0,22,252.48063844373462
60.0,23,264.58381367542387
60.0,24,275.8000721292916
60.0,25,287.5580246946928
60.0,26,298.4385858970641
60.0,27,310.2733028500876
60.0,28,321.8645520684492
60.0,29,333.20003631352796
60.0,30,344.1400169002557
60.0,31,356.46134810112386
60.0,32,368.5426586412896
60.0,33,379.0107908652257
60.0,34,391.10877048346055
60.0,35,403.1343230127525
60.0,36,415.03854900548305
60.0,37,426.09664569353873
60.0,38,437.8889661257593
60.0,39,449.0634330250004
60.0,40,459.87939427943934
60.0,41,472.37581747065946
60.0,42,482.6479694835624
60.0,43,497.22659619908535
60.0,44,505.9161507833152
60.0,45,519.179615770318
60.0,46,529.7073534498949
60.0,47,540.8641282323598
60.0,48,552.3350152678088
60.0,49,562.3441730608507
60.0,50,575.6202280549008
80.0,1,16.12199076883644
80.0,2,25.554436849400652
80.0,3,33.681264005698104
80.0,4,46.81711280576345
80.0,5,56.37628066222719
80.0,6,69.49068213812963
80.0,7,80.16070803896783
80.0,8,91.7339261127508
80.0,9,103.89593473012219
80.0,10,114.36599866993284
80.0,11,126.92209618999826
80.0,12,137.52234442749133
80.0,13,149.92822992388187
80.0,14,160.8327139499475
80.0,15,172.7210865496809
80.0,16,183.48611537136435
80.0,17,194.92242656394177
80.0,18,206.9623955369744
80.0,19,218.79778786404069
80.0,20,230.171616531541
80.0,21,241.8024840422527
80.0,22,253.0524465708861
80.0,23,264.06200640575224
80.0,24,276.04761165775875
80.0,25,286.80126451708315
80.0,26,299.49292792045014
80.0,27,310.6679043122225
80.0,28,322.41368449828144
80.0,29,334.23260085609195
80.0,30,344.8955139716662
80.0,31,355.8837130802078
80.0,32,368.1588506529411
80.0,33,379.2607983797088
80.0,34,391.9726768976208
80.0,35,402.82253346280186
80.0,36,415.34142168817493
80.0,37,426.73879666955236
80.0,38,438.6273303085937
80.0,39,448.29064197484666
80.0,40,461.2748120905911
80.0,41,471.9810198806614
80.0,42,483.73996627639536
80.0,43,494.48722447522823
80.0,44,504.9136221075972
80.0,45,516.7428752507957
80.0,46,530.0562402821827
80.0,47,541.8327362334295
80.0,48,553.3050240499449
80.0,49,564.145748044837
80.0,50,576.8099292682032
100.0,1,14.684510868209255
100.0,2,24.143535799125747
100.0,3,34.278692493224156
100.0,4,45.19511363333766
100.0,5,58.258566017989075
100.0,6,68.01445516298007
100.0,7,80.8684746773921
100.0,8,91.70139332166775
100.0,9,103.56200392322799
100.0,10,114.96283718391557
100.0,11,126.70751833303297
100.0,12,138.01120304618334
100.0,13,149.7797806132406
100.0,14,160.69576818669972
100.0,15,172.60087730732803
100.0,16,184.15039502030123
100.0,17,195.39879361307914
100.0,18,206.72915513401432
100.0,19,218.34600673589782
100.0,20,229.9118826501859
100.0,21,241.13967197612098
100.0,22,253.42503697827044
100.0,23,264.7865296042417
100.0,24,275.9301667031788
100.0,25,287.1618602803433
100.0,26,299.8449490707737
100.0,27,311.2452157651008
100.0,28,322.1558013027157
100.0,29,334.46223631109365
100.0,30,345.43658448145453
100.0,31,357.5315380244461
100.0,32,368.25420614907756
100.0,33,380.04625780265116
100.0,34,391.45916762571943
100.0,35,402.66175561002643
100.0,36,414.19760273834623
100.0,37,425.0852540190823
100.0,38,437.2482671761955
100.0,39,448.43901062260113
100.0,40,461.3281563787397
100.0,41,470.8771507784086
100.0,42,481.91242017439566
100.0,43,496.9674803478457
100.0,44,506.39577168770194
100.0,45,518.7372801212708
100.0,46,529.5144554996335
100.0,47,539.5916523247338
100.0,48,552.6430972490494
100.0,49,564.2709384662635
100.0,50,576.3678058369102
